id;titulo;autor;totalExemplares;exemplaresDisponiveis
1;MELHORES CONTOS DE CĂES E GATOS, OS;COSTA, Flávio Moreira da (org.);1;1
2;ESTÓRIAS DA CASA VELHA DA PONTE;CORALINA, Cora;1;1
3;É PROIBIDO COMER A GRAMA;PIROLI, Wander;1;1
4;CONTOS CONTIDOS;SIMŐES, Maria Lúcia;1;1
5;VENDEDOR DE JUDAS, O;MONTENEGRO, Tércia;1;1
6;PROSA DO MUNDO, A;ABREU, Caio Fernando et al.;1;1
7;COLCHA MUITO CURTA, UMA;CAPARELLI, Sérgio;1;1
8;MELHORES CONTOS;SCLIAR, Moacyr e ZILBERMANN, R. (sel.);1;1
9;VOU TE CONTAR, MEU CAMARADA;LEMOS, Gláucia;1;1
10;PRA VOCĘ EU CONTO;SCLIAR, Moacir;1;1
11;CONFIDĘNCIAS, CONFUSŐES E... GAROTAS;REIZ, Gustavo;1;1
12;CORCUNDA DE NOTRE-DAME EM CORDEL, O;HUGO, Victor e SÁ, Joăo Gomes de (adap.);1;1
13;MEGERA DOMADA EM CORDEL, A;SHAKESPEARE, W. e HAURÉLIO, M. (adap.);1;1
14;CĂO DOS BASKERVILLES, O;DOYLE, Sir Arthur Conan;1;1
15;MISTÉRIO DA TERCEIRA MEIA, O;RIOS, Rosana;1;1
16;SEGREDO DO COLECIONADOR, O;MASSA, Ana Cristina;1;1
17;EM BUSCA DE UM SONHO;CARRASCO, Walcyr;1;1
18;MURUGAWA: MITOS, CONTOS E FÁBULAS DO POVO MARAGUÁ;YAMĂ, Yaguarę et al.;1;1
19;TIRO NO ESCURO;ESPESCHIT, Rita;1;1
20;PAIS, FILHOS E OUTROS BICHOS;DREWNICK, Raul;1;1
21;AINDA UMA VEZ - ADEUS!: A ROMÂNTICA VIDA DE GONÇALVES DIAS;VERSIANI, Ivana;1;1
22;SETE HISTÓRIAS;VILELA, Luiz;1;1
23;ROMEU E JULIETA E OUTRAS PEÇAS DE SHAKESPEARE;SHAKESPEARE, W. e McCAGUHREAN, G.;1;1
24;TUMBU;LEAL, Marconi;1;1
25;QUEM ACORDA SONHA;CARNEIRO, A., NEIVA, L. e ORTHOF, S.;1;1
26;BETINA;GOMES, NILMA LINO;1;1
27;VIAGENS DA CAROLINA;ZIRALDO;1;1
28;GUILHERME AUGUSTO ARAÚJO FERNANDES;FOX, Mem e VIVAS, Julie;1;1
29;NIAN: reconto de tradiçăo oral chinesa;CHEN, Kety;1;1
30;SE AS COISAS FOSSEM MĂES;ORTHOF, Sylvia;1;1
31;SE UM DIA EU FOR EMBORA;GÖBEL, Anna;1;1
32;DUELO DANADO DE DANDĂO E DEDÉ: CANTORIA EM TRAVA-LÍNGUAS;GOMES, L., HOLANDA, A.;1;1
33;PULA, GATO!;CASTANHA, Marilda;1;1
34;QUANDO EU ERA PEQUENA;PRADO, Adélia;1;1
35;USAGI YOJIMBO: DAISHO;SAKAI, Stan;1;1
36;CAPITĂO E A SEREIA;NEVES, André;1;1
37;KACHTANKA;TCHEKHOV, Anton;1;1
38;CONTOS DE UM REINO PERDIDO;L`HOMME, Erik;1;1
39;FLORESTA DE HISTÓRIAS: Contos de árvores mágicas do mundo todo;SINGH, Rina e CANN, Helen;1;1
40;HISTÓRIAS DE MUKASHI: Contos populares do Japăo;HIRATSUKA, Lúcia;1;1
41;PINDORAMA: TERRA DAS PALMEIRAS;CASTANHA, Marilda;1;1
42;JOGO DO PENSAMENTO, O;VIANA, Vivina de Assis;1;1
43;BÁRBARA E ALVARENGA;CRUZ, Nelson;1;1
44;MEMÓRIAS DE UM CABO DE VASSOURA;LESSA, Orígenes;1;1
45;LUZ É COMO A ÁGUA, A;MÁRQUEZ, Gabriel Garcia e VENDRELL, C.;1;1
46;CHICA E JOĂO;CRUZ, Nelson;1;1
47;LEONARDO DESDE VINCI;MOULIN, Nilson e MATUCK, Rubens;1;1
48;PALMAS PARA JOĂO CRISTIANO: de Ana Maria Machado para Hans Christian Andersen;MACHADO, Ana Maria;1;1
49;CONTOS DE SHAKESPEARE;SHAKESPEARE, W. e CAMPOS, Paulo Mendes (adap.);1;1
50;VOLTA AO MUNDO EM 80 DIAS, A;VERNE, Júlio;1;1
51;VILLA BOA DE GOYAZ;CORALINA, Cora;1;1
52;MISERÁVEIS, OS;HUGO, Victor e VIANA, Klévisson (adap.);1;1
53;PELEJA DO VIOLEIRO MAGRILIM COM A FORMOSA PRINCESA JEZEBEL, A;SOMBRA, Fábio;1;1
54;JOGO DE ADIVINHAR BICHO INVISÍVEL;MENDONÇA, Bernardo de;1;1
55;APRENDIZ DE FEITICEIRO, O;QUINTANA, Mário;1;1
56;ANTES DO DEPOIS;QUEIRÓS, Bartolomeu Campos de;1;1
57;MOEDA DO IMPERADOR, A;PONTES, Joăo;1;1
58;CANECO DE PRATA, O;MARINHO, Joăo Carlos;1;1
59;MEMÓRIAS DE UM MENINO QUE SE TORNOU ESTRANGEIRO;FREITAS, Marcos Cezar de;1;1
60;DIÁRIO DE BILOCA, O;GARCIA, Edson Gabriel;1;1
61;DIÁRIO DE UM ADOLESCENTE HIPOCONDRÍACO;MACFARLANE, A. e MCPHERSON, A.;1;1
62;AGITO DE PILAR NO EGITO;SILVA, Flávia Lins e;1;1
63;AVENTURAS DE ALICE NO PAÍS DAS MARAVILHAS;CARROLL, Lewis;1;1
64;ESTRELA-DE-RABO E OUTRAS HISTÓRIAS DOIDAS;LACERDA, Nilma;1;1
65;BICHOS TIPOGRÁFICOS;MANSUR, Guilherme;1;1
66;BOLA QUE ROLA, A;CLAVER, Ronald (org.);1;1
67;MEMÓRIAS DA EMÍLIA;LOBATO, Monteiro;1;1
68;OUTRAS NOVAS HISTÓRIAS ANTIGAS;PAMPLONA, R. e BERNARDI JR., D.;1;1
69;TEINIGAGUÁ, A PRINCESA MOURA ENCANTADA;RITER, Caio;1;1
70;GUILHERME TELL;SCHILLER, F. e KINDERMANN, B. (adap.);1;1
71;CODINOME DUDA;CUNHA, Marcelo Carneiro da;1;1
72;VACA E O HIPOGRIFO, A;QUINTANA, Mário;1;1
73;NO MUNDO DA LUA;MURRAY, Roseana;1;1
74;FORROBODÓ NO FORRÓ;JOSÉ, Elias;1;1
75;NINGUÉM SABE O QUE É UM POEMA;AZEVEDO, Ricardo;1;1
76;ADEUS, PONTA DO MEU NARIZ!;LEAR, Edward;1;1
77;JANELAS E TEMPO;ODA, Teruko;1;1
78;EX-ESTRANHO, O;LEMINSKI, Paulo;1;1
79;AMOR BATE Ŕ PORTA, O;PESSOA, Fernando e JOSÉ, Elias (org.);1;1
80;TUDOS;ANTUNES, Arnaldo;1;1
81;ANTOLOGIA POÉTICA;BANDEIRA, Manuel;1;1
82;CINZA DAS HORAS, CARNAVAL e RITMO DISSOLUTO;BANDEIRA, Manuel;1;1
83;BICHÁRIO;PEREIRA, Otoniel S.;1;1
84;PINTANDO POESIA;SORRENTI, Neusa;1;1
85;PASSARINHO PASSEOU NA AREIA DA PRAIA, UM;RODANTE, Antonio;1;1
86;DIRCEU E MARÍLIA;CRUZ, Nelson;1;1
87;HISTÓRIAS AUMENTADAS (CONFORME SĂO CONTADAS);BAG, Mário;1;1
88;PERDIDO NO CIBERESPAÇO;CUNHA, Leo;1;1
89;PERDE QUEM FICA ZANGADO PRIMEIRO;CALVINO, Italo;1;1
90;LITERATURA NA FORMAÇĂO DE LEITORES E PROFESSORES;MAIA, Joseane;1;1
91;BIBLIOTECA ESCOLAR E PRÁTICAS EDUCATIVAS: O MEDIADOR EM FORMAÇĂO;SOUZA, Renata Junqueira de (org.);1;1
92;LIVRO DO CIENTISTA, O;GLEISER, Marcelo;1;1
93;GRANDES CATÁSTROFES;AQUINO, Gilda;1;1
94;HISTÓRIAS DA AVÓ: contos da mulher sábia de várias culturas;MUTÉN, Burleigh;1;1
95;LITERATURA INFANTIL: múltiplas linguagens na formaçăo de leitores;GREOGRIN FILHO, José Nicolau;1;1
96;ALFABETIZAÇĂO, LEITURA E ESCRITA: formaçăo de professores em curso;KRAMER, Sônia;1;1
97;CONFUSĂO DE LÍNGUAS NA LITERATURA:  o que o adulto escreve, a criança lę;PARREIRAS, Ninfa;1;1
98;ESCRITA INFANTIL: o caminho da construçăo, A;SEBER, Maria da Glória;1;1
99;TIJOLO POR TIJOLO: prática de ensino de Língua Portuguesa;NASPOLINI, Ana Tereza;1;1
100;TEORIA E PRÁTICA NO ENSINO DE ARTE: a língua do mundo;MARTINS, Miriam Celeste, PICOSQUE, Gisa e GUERRA, Maria Terezinha Telles;1;1
101;ORALIDADE, ESCRITA E PAPÉIS SOCIAIS NA INFÂNCIA;MARTINS, Maria Sílvia Cintra;1;1
102;TRABALHANDO COM JOGOS COOPERATIVOS;CORREIA, Marcos Miranda;1;1
103;ENSINO DE GEOGRAFIA;CASTROGIOVANNI, Antonio Carlos (org.);1;1
104;MATEMÁTICA NOS ANOS INICIAIS DO ENSINO FUNDAMENTAL: tecendo fios do ensinar e do aprender;NACARATI, Adair M., MENGALI, Brenda Leme da Silva e PASSOS, Carmen Lúcia B.;1;1
105;JOGOS DE MATEMÁTICA DE 1o. A 5o. ANO;SMOLE, Kátia Stocco, DINIZ, Maria Ignez e CÂNDIDO, Patrícia;1;1
106;OLHAR COMPROMETIDO COM O ENSINO DE CIĘNCIAS, UM;PORTO, Amélia, RAMOS, Lízia e GOULART, Sheila;1;1
107;ENSINO DE HISTÓRIA: um processo de construçăo  permanente;BRODBECK, Marta de Souza Lima;1;1
108;LITERATURA INFANTIL: teoria, análise, didática;COELHO, Nelly Novaes;1;1
109;ALFABETIZAÇĂO E LINGUÍSTICA;CAGLIARI, Luiz Carlos;1;1
110;CRIANÇA DE 6 ANOS NO ENSINO FUNDAMENTAL, A;RAPOPORT, Andrea, SARMENTO, Dirléia, NÖRNBERG, Marta e PACHECO, Suzana M. (ORGS.);1;1
111;USO DOS JOGOS TEATRAIS NA EDUCAÇĂO: possibilidades diante do fracasso escolar;NEVES, Libéria Rodrigues e SANTIAGO, Ana Lydia;1;1
112;JOGOS EDUCATIVOS: estrutura e organizaçăo da prática;ROSSETTO JR., Adriano, ARDIGÓ JR, Ambleto, COSTA, Caio Martins e D´ANGELO, Fábio;1;1
113;ESPAÇO GEOGRÁFICO: ensino e representaçăo;ALMEIDA, Rosângela D. de e PASSINI, Elza Y.;1;1
115;CIĘNCIAS: FÁCIL OU DIFÍCIL?;BIZZO, Nélio;1;1
116;ENSINAR MATEMÁTICA: desafios e possibilidades;SOARES, Eduardo;1;1
117;DESENVOLVIMENTO MATEMÁTICO NA CRIANÇA: explorando notaçőes;BRIZUELA, Bárbara M.;1;1
118;TEORIA E PRÁTICA DE MATEMÁTICA;TOLEDO, Márilia e TOLEDO, Mauro;1;1
119;ENSINO DE MÚSICA NA ESCOLA FUNDAMENTAL;LOUREIRO, Alícia Maria Almeida;1;1
120;GUIA PRÁTICO DO ALFABETIZADOR;CARVALHO, Marlene;1;1
122;ORTOGRAFIA: ENSINAR E APRENDER;MORAIS, Artur Gomes de;1;1
123;FAZER E ENSINAR HISTÓRIA: anos iniciais do ensino fundamental;FONSECA, Selva Guimarăes;1;1
125;MEIO AMBIENTE;VIZENTIN, Caroline Rauch e FRANCO, Rosemary Carla;1;1
126;GEOGRAFIA NO ENSINO FUNDAMENTAL I;LESSAN, Janine;1;1
127;EDUCAÇĂO PSICOMOTORA: a psicocinética na idade escolar;LE BOULCH, Jean;1;1
128;JOGANDO COM A MATEMÁTICA: números e operaçőes;STAREPRAVO, Ana Ruth;1;1
130;HISTÓRIAS DO JAPĂO;ARRABAL, José;1;1
131;ADMIRÁVEL MUNDO NOVO;HUXLEY, Aldous;1;1
132;ESTUDANTE, O;CARRARO, Adelaide;1;1
133;CASO DOS IRMĂOS NAVES, O;ALAMY FILHO, Joăo;1;1
134;ROMEU E JULIETA;SHAKESPEARE, William;1;1
135;CLARISSA;VERÍSSIMO, Érico;1;1
136;QUEM É ESSA MENINA?;BREZINA, Thomas;1;1
137;MEMÓRIAS PÓSTUMAS DE BRÁS CUBAS e DOM CASMURRO;MACHADO DE ASSIS, Joaquim M.;1;1
138;HIROSHIMA: A CIDADE DA CALMARIA;KOUNO, Fumiyo;20;20
139;DIGESTĂO NOJENTA;ARNOLD, Nick;20;20
140;SANGUE, OSSOS E PEDACINHOS;ARNOLD, Nick;20;20
141;CORPO DOS GAROTOS, O;BOUER, Jairo;20;20
142;PRIMEIRA VEZ;BOUER, Jairo;20;20
143;CHAPEUZINHO VERMELHO, O;VILELA, Bia;20;20
144;BENQUERER BEM AMAR;LISBOA, Elizete;20;20
145;DORINA VIU;COTES, Cláudia;20;20
146;QUE SERÁ QUE A BRUXA ESTÁ LAVANDOO?;LISBOA, Elizete;20;20
147;LONGO DIA, UM;RAMOS, Pilar e ELENA, Horácio;20;20
148;VACA QUE BOTOU UM OVO, A;CUTBILL, Andy;20;20
149;FIRIRIM FINFIM;LISBOA, Elizete;20;20
150;SEM PALMEIRA OU SABIÁ;QUEIRÓS, Bartolomeu Campos de;20;20
151;EM BUSCA DOS NÚMEROS PERDIDOS;THOMSON, Michael;20;20
152;MISTÉRIO DOS NÚMEROS PERDIDOS, O;THOMSON, Michael;20;20
153;MATEMÁTICA DIVERTIDA E CURIOSA;TAHAN, Malba (Souza, Júlio César de Melo e);20;20
154;ALMANAQUE DAS CURIOSIDADES MATEMÁTICAS;STEWART, Ian;20;20
155;NO TEMPO DE MEUS BISAVÓS;RIBEIRO, Nye;20;20
156;VERSO A CADA PASSO: a poesia na estrada real, UM;SOUZA, Angela Leide de;20;20
157;POESIA É FRUTA DOCE E GOSTOSA;JOSÉ, Elias;20;20
158;VIDA EM SOCIEDADE: olhar a África e ver o Brasil, A;VERGER, Pierre;20;20
159;POR QUE MINHOCA NĂO TEM PERNA?;VAUGHAN, Jenny;20;20
160;PLANETA TERRA: NOSSA CASA!;CARDOSO, Leonardo Mendes;20;20
161;HISTÓRIA DA ÁGUA,;BAILEY, Jacqui e LILLY, Matthew;20;20
162;SEMENTE: S.O.S. Florestas, A;ALBINI, Eduardo;20;20
163;LIXO;GARCEZ, Lucília e GARCEZ, Cristina;20;20
164;DO CAMPO Ŕ MESA: o caminho dos alimentos;CHU, Teddy;20;20
165;ANIMAIS DA  NOSSA TERRA;RIEDERER, Marcia;20;20
166;ALMANAQUE DOS SENTIDOS;CARUSO, Carla;20;20
167;INVENÇŐES LAR: Ideias que mudaram o mundo;GRAHAM, Ian;20;20
168;LYGIA CLARK: linhas vivas + caderno-atelię;SANT´ANNA, Renata e PRATES, Valquíria;20;20
169;ARTE AFRICANA;FEIST, Hildegard;20;20
170;ARTE E SOCIEDADE NO BRASIL: de 1957 a 1975;AMARAL, Aracy e TORAL, André;20;20
171;ARTE E SOCIEDADE NO BRASIL: de 1930 a 1956;AMARAL, Aracy e TORAL, André;20;20
172;CRÔNICAS DE SĂO PAULO: um olhar indígena;MUNDURUKU, Daniel;20;20
173;CHICO REI;LIMA, Renato;20;20
174;NOME DO FILME É AMAZÔNIA, O;ASSUNÇĂO, Paulino;20;20
175;FOI QUANDO A FAMÍLIA REAL CHEGOU...;FIDALGO, Lúcia;20;20
176;CIDADE: QUE LUGAR É ESSE?, A;DUARTE, Ronaldo Goulart;20;20
177;ÍNDIOS DO BRASIL, OS;DONATO, Hernâni;20;20
178;PRIMEIROS HABITANTES DO BRASIL, OS;GUARINELLO, Norberto Luiz;20;20
179;FLOR DE MARAVILHA (livro  + CD);PAIVA, Flávio;20;20
180;PACÍFICO, O GATO;PAULA, Branca Maria de;20;20
181;ARMANDO E O TEMPO;GUTTMANN, Mônica;20;20
182;NATUREZA;SILVA, Gonçalo Ferreira da;20;20
185;CARTOGRAFIA ESCOLAR;ALMEIDA, Rosângela D.;1;1
186;EDUCAÇĂO EM LÍNGUA MATERNA: a sociolinguística na sala de aula;BORTONI-RICARDO, Stella Maris;1;1
187;ENSINO DE CIĘNCIAS E CIDADANIA;KRASILCHIK, Myriam e MARANDINO, Martha;1;1
188;ENSINO DE MATEMÁTICA HOJE: enfoques, sentidos e desafios;SADOVSKY, Patricia;1;1
189;ARTE NA EDUCAÇĂO ESCOLAR;FERRAZ, Maria Heloisa C. de T. e FUSARI, Maria F. de Rezende e;1;1
190;IMAGENS QUE FALAM: leitura da arte na escola;ROSSI, Maria Helena Wagner;1;1
191;HISTÓRIA E LINGUAGENS;CAMPOS, Helena Guimarăes e FARIA, Ricardo de Moura;1;1
192;PARA ENSINAR EDUCAÇĂO FÍSICA: possibilidades de intervençăo na escola;DARIDO, Suraya Cristina e SOUZA JÚNIOR, Osmar Moreira d;1;1
193;EROS E PSIQUĘ;APULEIO e GULLAR, Ferreira [trad.];1;1
194;CONTOS E LENDAS DE CIDADES E MUNDOS DESAPARECIDOS;JONAS, Anne;1;1
195;BEOWULF;KATZ, Welwyn Wilton;1;1
196;HISTÓRIAS DO AVÔ: histórias de deuses e heróis de várias culturas;MUTÉN, Burleigh;1;1
197;CONTOS E LENDAS DE UM VALE ENCANTADO: uma viagem pela cultura popular do vale do Paraíba;AZEVEDO, Ricardo;1;1
198;LENDAS BRASILEIRAS;CASCUDO, Luís da Câmara;1;1
199;VAQUEIROS E CANTADORES PARA JOVENS;CASCUDO, Luís da Câmara;1;1
200;CONTOS TRADICIONAIS DO BRASIL PARA JOVENS;CASCUDO, Luís da Câmara;1;1
201;CONTOS DOS MENINOS ÍNDIOS;DONATO, Hernâni;1;1
202;NOVAS LENDAS ORIENTAIS;TAHAN, Malba (Souza, Júlio César de Melo e);1;1
203;PRINCESA QUE ENGANOU A MORTE E OUTROS CONTOS INDIANOS, A;FORJAZ, Sonia Salerno;1;1
204;14 PÉROLAS DA ÍNDIA, AS;BRENMAN, Ilan e ZILBERMAN, Ionit;1;1
205;MĂE-D´ÁGUA;TKAINĂ e BACELLAR, Laura;1;1
206;PEDRO MALAZARTE E A ARARA GIGANTE;FURTADO, Jorge;1;1
207;AVENTURAS DE PEDRO MALASARTES;ALBISSU, Nelson;1;1
208;BOTIJA, A;TAVARES, Clotilde;1;1
209;PRÍNCIPE MEDROSO E OUTROS CONTOS AFRICANOS;SOLER-PONT, Anna;1;1
210;SÉTIMA NOITE DE VERĂO, A;TOKITAKA, Janaína;1;1
211;ERINÉ, O CAÇADOR E OUTROS CONTOS AFRICANOS;MARTINS, Adilson;1;1
212;CONTOS AFRICANOS DOS PAÍSES DE LÍNGUA PORTUGUESA;BRAGANÇA. Albertino et al.;1;1
213;NYANGARA CHENA, A COBRA CURANDEIRA;BARBOSA, Rogério Andrade;1;1
214;OMO-OBA: HISTÓRIAS DE PRINCESA;OLIVEIRA, Kiusan de;1;1
215;BICHO DE SETE CABEÇAS E OUTROS SERES FANTÁSTICOS;FERRZ, Eucanaă;1;1
216;HISTÓRIA DE AMOR SEM PALAVRAS, UMA;OLIVEIRA, Rui de;1;1
217;COLECIONADOR DE MANHĂS, O;MOREIRA-SANTOS, Walther;1;1
218;MZUNGU;MWANGI, Meja;1;1
219;BÁRBARA DEBAIXO DA CHUVA;LACERDA, Nilma;1;1
220;BIBLIOTECA MÁGICA DE BIBBI BOKKEN, A;GAARDER, Jostein e HAGERup, Klaus;1;1
221;DIÁRIO ABSOLUTAMENTE VERADEIRA DE UM ÍNDIO DE MEIO EXPEDIENTE;ALEXIE, Sherman;1;1
222;TURMAS DO PRÉDIO, DA RUA E DO BAIRRO;CUNHA, Leo e BENEVIDES, Ricardo;1;1
223;ASA-DE-PRATA;OPPEL, Keneth;1;1
224;FILHA DA VENDEDORA DE CRISÂNTEMOS, A;REZENDE, Stella Maris;1;1
225;HISTÓRIA DE CLARICE, A;RAMOS, Anna Cláudia;1;1
226;VIAGEM AO REDOR DE FELIPE;RITER, Caio;1;1
227;VENTO NOS SALGUEIROS, O;GRAHAME, Kenneth;1;1
228;METAMORFOSE DO LÍVIO;LEĂO, Liana;1;1
229;NUNCA SEREI UM SUPER-HERÓI;SANTA ANA, Antonio;1;1
230;ALMA DE FOGO: um episódio imaginado da vidad e Álvares de Azevedo;TEIXEIRA, Mario;1;1
231;VENDEM-SE UNICÓRNIOS;ÍNDIGO;1;1
232;VIDA E PAIXĂO DE PADOMAR, O CRUEL;RIBEIRO, Joăo Ubaldo;1;1
233;VIDA E OBRA DE ALETRÍCIA DEPOIS DE ZOROASTRO;QUEIRÓS, Bartolomeu Campos de;1;1
234;SABE DE UMA COISA? DIÁRIO DE UMA ADOLESCENTE;VIANA, Vivina de Assis;1;1
235;NUM REINO COR DE BURRO QUANDO FOGE;CAMARGO, Maria Amália;1;1
236;DIÁRIO DE SUSIE, O;MACFARLANE, A. e MCPHERSON, A.;1;1
237;JAMES E O PĘSSEGO GIGANTE;DAHL, Roald;1;1
238;LADRĂO DE RAIOS, O;RIORDAN, Rick;1;1
239;CORAÇĂO DE TINTA;FUNKE, Cornelia;1;1
240;OPERAÇĂO BURACO DE MINHOCA;BERGALLO, Laura;1;1
241;OS NATOS EM DEU A LOUCA NO MUNDO;JUNQUEYRA, Beto;1;1
242;GOTHAM SAMPA CITY;ZUGAIB, Eduardo;1;1
243;HISTÓRIAS PARA NĂO DORMIR: DEZ CONTOS DE TERROR;GUEDES, Luiz Roberto e HAMAYA, Emilio Satoshi;1;1
244;BAILARINA FANTASMA, A;ACIOLI, Socorro;1;1
245;PONTE PARA TERABÍTIA;PATERSON, Katherine;1;1
246;MASTERPIECE: CHEGOU A VEZ DE MARVIN NO MUNDO DA ARTE;BROACH, Elise;1;1
247;COMO VIVER PARA SEMPRE;THOMPSON, Colin;1;1
248;LOUCAS AVENTURAS DO BARĂO DE MUNCHAUSEN;RASPE, Rudolph Erich;1;1
249;LENORA;PRIETO, Heloisa;1;1
250;HISTÓRIAS DE ARREPIAR;DRUMMOND, Regina;1;1
251;MINHAS ASSOMBRAÇŐES;LAGO, Angela;1;1
252;HISTÓRIAS DE (IN)TOLERÂNCIA;AZEVEDO, Guila;1;1
253;BR.COM.SACI;BRANDĂO, Toni;1;1
254;MEMÓRIAS DE UM CORSÁRIO;TRELAWNAY, Edward John;1;1
255;COLAPSO DOS BIBELÔS, O;ÍNDIGO;1;1
256;MĂO DE VELUDO, O;MARTINS, Eliana;1;1
257;LETRAS PERDIDAS;DILL, Luís;1;1
258;CORSÁRIO NEGRO, O;SALGARI, Emilio;1;1
259;INVESTIGADOR DE SÓTAOS;MACHADO, Emerson;1;1
260;VIAGEM A LUA DE CANOA;ALMEIDA, Hugo;1;1
261;25 ANOS DO MININO MALUQUINHO;ZIRALDO;1;1
263;CAUSOS DE ASSOMBRAMENTO EM QUADRINHOS;PEREIRA, Maurício;1;1
265;BIDU 50 ANOS;SOUSA, Maurício;1;1
266;AVENTURAS DE HUCKLEBERRY FINN, AS;TWAIN, Mark e RATLIFF, Tom (adap.);1;1
267;PEANUTS COMPLETO1950-1952;SCHULZ, Charles M.;1;1
268;CURIOSO CASO DE BENJAMIN BUTTON, O;FITZGERALD, F. Scott;1;1
269;ROBIN HOOD: A LENDA DE UM FORAGIDO;LEE, Tony;1;1
270;MARCELINO PEDREGULHO;SEMPÉ, Jean-Jacques;1;1
271;MAURÍCIO DE SOUSA POR 50 ARTISTAS;SOUSA,  Maurício de;1;1
272;MALUQUINHO POR FUTEBOL;ZIRALDO;1;1
273;ANIVERSÁRIO DE ASTERIX E OBELIX, O;GOSCINNNY, René e UDERZO, A.;1;1
274;QUILOMBO ORUM AIĘ;DINIZ, André;1;1
275;DIÁRIO DA JULIETA: as histórias mais secretas da Menina Maluquinha;ZIRALDO;1;1
276;PALMARES, A LUTA PELA LIBERDADE;VETILLO, Eduardo;1;1
277;MOBY DICK;MELVILLE, Herman e STAHLBERG, Lance (adap.);1;1
278;MEMÓRIAS DE UM SARGENTO DE MILÍCIAS;JAF, Ivan e R0SA, Rodrigo;1;1
281;EU E OS OUTROS PIONEIROS DA AVIAÇĂO;PIQUEIRA, Gustavo;1;1
282;HERDEIROS DO LOBO;CRUZ, Nelson;1;1
283;ESTRATÉGIAS DE LEITURA;SOLÉ, Isabel;1;1
284;INTEGRAÇĂO DE CRIANÇAS DE 6 ANOS NO ENSINO FUNDAMENTAL;BARBATO, Silviane Bonaccorsi;1;1
285;FALAR, LER E ESCREVER EM SALA DE AULA: do período pós-alfabetizaçăo ao 5o. Ano;BORTONI-RICARDO, Stella Maris e SOUSA, Maria Alice Fernandes de;1;1
286;ENSINO DE HISTÓRIA NOS ANOS INICIAIS DO ENSINO FUNDAMENTAL - METODOLOGIAS E CONCEITOS, O;HIPOLIDE, Márcia;1;1
287;CIĘNCIAS: ENSINAR E APRENDER: Anos iniciais do ensino fundamental;MORAIS, Marta e ANDRADE, Maria Hilda de Paiva;1;1
288;DA ESCOLA PARA CASA: ALFABETIZAÇĂO;RIOS, Zoé e LIBÂNIO, Márcia;1;1
289;ENSINO DE GEOMETRIA NA ESCOLA FUNDAMENTAL: tręs questőes para a formaçăo do professor dos ciclos iniciais;FONSECA, Maria da Conceiçăo F. R. et al.;1;1
290;DESENVOLVIMENTO DE COMPETĘNCIAS MATEMÁTICAS COM RECURSOS LÚDICO-MANIPULATIVOS: para crianças de 6 a 12 anos;PASTELLS, Ángel Alsina i;1;1
291;FORMULAÇĂO E RESOLUÇĂO DE PROBLEMAS DE MATEMÁTICA: Teoria e prática;DANTE, Luiz Roberto;1;1
292;JOGOS DE MATEMÁTICA DE 6o. A 9o. ANO;SMOLE, Kátia Stocco, DINIZ, Maria Ignez e MILANI, Estela;1;1
293;JOGOS E MODELAGEM NA EDUCAÇĂO MATEMÁTICA;RIBEIRO, Flávia Dias;1;1
294;ATIVIDADE SOCIAL NAS AULAS DE LÍNGUA ESTRANGEIRA;LIBERALI, Fernanda Coelho;1;1
295;LEITURA NAS SÉRIES INICIAIS: uma proposta para formaçăo de leitores de literatura;BALDI, Elizabeth;1;1
296;PRÁTICA DE ENSINO EM EDUCAÇĂO FÍSICA: a criança em movimento;GALLARDO, Jorge Sergio Pérez;1;1
297;AVENTURA DO TEATRO & COMO FAZER TEATRINHO DE BONECOS;MACHADO, Maria Clara;1;1
298;HISTÓRIA NA SALA DE AULA: conceitos, práticas e propostas;KARNAL, Leandro (org.);1;1
299;HISTÓRIA E CINEMA: EDUCAÇĂO PARA AS MÍDIAS;MOCELLIN, Renato;1;1
300;APRENDENDO HISTÓRIA: REFLEX ĂO E ENSINO;FERREIRA, Marieta de Moraes e FRANCO, Renato;1;1
301;AULA DE Língua Portuguesa: ENCONTRO E INTERAÇĂO;ANTUNES, Irandé;1;1
302;GRAMÁTICA E INTERAÇĂO: uma proposta para o ensino de gramática;TRAVAGLIA, Luiz Carlos;1;1
303;EDUCAÇĂO DE CORPO INTEIRO: TEORIA E PRÁTICA DA EDUCAÇĂO FÍSICA;FREIRE, Joăo Batista;1;1
304;EDUCAÇĂO COMO PRÁTICA CORPORAL;FREIRE, Joăo Batista e SCAGLIA, Alcides José;1;1
306;TEORIA E PRÁTICA EM CIĘNCIAS NA ESCOLA: O ENSINO-APRENDIZAGEM COMO INVESTIGAÇĂO;CAMPOS, Maria Cristina e NIGRO,;1;1
307;EDUCAÇĂO SONORA: 100 exercícios de escuta e criaçăo de sons;SCHAFER, R. Murray;1;1
308;PEDAGOGIA DA MÚSICA: experięncias de apreciaçăo musical;BEYER, Esther e KEBACH, Patrícia;1;1
309;MANUAL OXFORD DE INTRODUÇĂO AO ENSINO DE LÍNGUA INGLESA;HADFIELD, Jill E HADFIELD, Charles;1;1
310;MALUNGOS NA ESCOLA: questőes sobre culturas afrodescentes e ducaçăo;PEREIRA, Edmilson de Almeida;1;1
311;GRANDE HISTÓRIA DE ALEXANDRE;MANFREDI, Valerio Massimo;1;1
312;PARA PEGAR BAGRE DE DIA, É PRECISO SUJAR A ÁGUA: histórias de pescaria;PIROLI, Wander;1;1
313;MARIETA TEM UM DILEMA;MURRAY, Martine;1;1
314;GATO MALHADO E ANDORINHA SINHÁ;AMADO, Jorge;1;1
315;COM O PÉ NA ESTRADA;VENEZA, Maurício;1;1
316;POESIA NOSSA DE CADA DIA;RIOS, Rosana;1;1
317;NOEL;CRUZ, Nelson;1;1
318;MOÇO DO CORREIO E A MOÇA DA CASA DE TIJOLINHO, O;AZEVEDO, Ricardo;1;1
319;DEU NO JORNAL;SCLIAR, Moacyr;1;1
320;PRINCESA VAMPIRA: lenda espanhola, A;RIBEIRO, Jonas;1;1
321;DOM, O;MORGENSTERN, Susie;1;1
322;REI DO MANACÁ, O;MOURA, André e ABREU, Alę;1;1
323;DONA FEIA;OLIVEIRA, Anderson e LARA, Walter;1;1
324;MENINO QUE DESEJAVA SE TORNAR UM SER HUMANO;RIEL, Jorn;1;1
325;CRIANÇAS DO BRASIL: suas histórias, seus brinquedos, seus sonhos;SANTOS, José;1;1
326;CONTADOR DE HISTÓRIAS;SAKI;1;1
327;TOALHA VERMELHA, A;VILELA, Fernando;1;1
328;DIOMIRA E O CORONEL CARRERĂO: A Sherazade do Sertăo;LEITE, Ivana Arruda;1;1
329;PALAVRAS MÁGICAS;RIOS, Rosana;1;1
330;AVENTURAS EXTRAORDINÁRIAS DE JÚLIO: Júlio Verne, AS;LEITE, Márcia;1;1
331;OUVINDO PEDRAS: ALEIJADINHO;DILL, Luís;1;1
332;MESTRE LISBOA: O ALEIJADINHO;CRUZ, Nelson;1;1
333;PRÍNCIPE TRISTE: d. Pedro II, a história de um menino solitário feito imperador aos 14 anos, O;OLIVEIRA, Rui de;1;1
334;MENINA E O VENTO E OUTRAS PEÇAS, A;MACHADO, Maria Clara;1;1
335;BRUXINHA QUE ERA BOA E OUTRAS PEÇAS, A;MACHADO, Maria Clara;1;1
336;CAVALINHO AZUL E OUTRAS PEÇAS, O;MACHADO, Maria Clara;1;1
337;MONTE VERITÁ;BERNARDO, Gustavo;1;1
338;TIQUE-TAQUE NERVOSO;ZATZ, Lia;1;1
339;LENDA DO CAVALEIRO SEM CABEÇA E RIP VAN WINKLE, A;IRVING, Washington;1;1
340;DO SEU CORAÇĂO PARTIDO;COLASANTI, Marina;1;1
341;MUNDO DE BUSTER, O;REUTER, BJARNE;1;1
342;BARBEIRO E O JUDEU DA PRESTAÇĂO CONTRA O SARGENTO DA MOTOCICLETA, O;SANTOS, Joel Rufino dos;1;1
343;BEIJO NA BOCA;JAF, Ivan;1;1
344;REI QUE VIROU LENDA, O;RODRIGUES, Cláudio;1;1
345;MEGERA DOMADA, A;SHAKESPEARE, William;1;1
346;NAVIO DAS CORES - LASAR SEGALL;SCLIAR, Moacyr;1;1
347;BERNARDO E A PRINCESA DE CRISTAL;REIS, Flávia;1;1
348;MISTÉRIO DO FUNDO DO POTE, O;KRUGLI, Ilo;1;1
349;GAUGUIN E AS CORES DOS TRÓPICOS;CAPATTI, Bérénice e ADAMI, Eva;1;1
350;MELHORES CONTOS;MACHADO DE ASSIS, Joaquim M.;1;1
351;RAINHA MARGOT, A;DUMAS, Alexandre;3;3
352;DOM QUIXOTE;CERVANTES, Miguel de;4;4
353;CRONISTAS DO DESCOBRIMENTO;OLIVIERI, Antonio Carlos e VILLA, Marco Antonio (org.);1;1
354;TREM CHEGOU, TREM JÁ VAI;ARAGĂO, José Carlos;1;1
355;SE TUDO ISTO ACONTECESSE;JOSÉ, Elias;1;1
356;CASAMENTO DE CARLA E CLÁUDIO, O;TASSIS, Yana;1;1
357;CIRCO, O;ZIGG, Ivan;1;1
358;BRINCALIQUES QUASE TRAVALÍNGUAS;BELINKY, Tatiana;1;1
359;BAGUNCEIROS NA TERRA DOS FUTRIQUEIROS, OS;CORNUEL, Pierre;1;1
360;QUEM TEM MEDO DE QUĘ?;ROCHA, Ruth;1;1
361;TUDO BEM SER DIFERENTE;PARR, Todd;1;1
362;BELELÉU;DUGNANI, Patrício;1;1
363;CĂO DOS BASKERVILLES, O;DOYLE, Sir Arthur Conan;1;1
364;ÚLTIMO CAVALEIRO ANDANTE, O;EISNER, Will;1;1
365;AMANTES DO LAGO ROTORUA, OS;BARBOSA, Rogério Andrade;1;1
366;SEGREDO DA CHUVA, O;MUNDURUKU, Daniel;1;1
367;PUBLICIDADE E PROPAGANDA: O VÍDEO NAS AULAS DE LÍNGUA ESTRANGEIRA;FERNÁNDEZ, Gretel Eres (org.);1;1
368;ATIVIDADES PARA AULAS DE CIĘNCIAS: Ensino Fundamental 6o. Ao 9o. Ano;GUIMARĂES, Luciana Ribeiro;1;1
369;ENSINAR HISTÓRIA;SCHMIDT, Maria Auxiliadora e CAINELLI, Marlene;1;1
370;JOGOS TEATRAIS NA ESCOLA: Atividades globais de expressăo;REVERBEL, Olga Garcia;1;1
371;ENSINAR HISTÓRIA;SCHMIDT, Maria Auxiliadora e CAINELLI, Marlene;1;1
372;METODOLOGIA DO ENSINO DE LÍNGUA PORTUGUESA;GOMES, Maria Lúcia de Castro;1;1
373;METODOLOGIA DO ENSINO DE EDUCAÇĂO FÍSICA;CASTELLANI FILHO, Lino;1;1
374;PARA ENSINAR E APRENDER GEOGRAFIA;PONTUSCHKA, Nídia Nacib et al.;1;1
375;INICIAÇĂO AO ESTUDO DIDÁTICO DA ÁLGEBRA: ORIGENS E PERSPECTIVA;SESSA, Carmen;1;1
376;SABER E ENSINAR ARTE CONTEMPORÂNEA;SANT´ANNA, Renata;1;1
377;SEMÂNTICA PARA EDUCAÇĂO BÁSICA;FERRAREZI JR., Celso;1;1
378;VOCĘ JÁ ESCUTOU O SILĘNCIO?;SPINELLI, Alexandre;1;1
379;ILÍADA;HOMERO e CARVALHO, Bruno Berlendis de (adap.);1;1
380;SINAIS DO MAR;MACHADO, Ana Maria;1;1
381;MULHER QUE SUBIU AO CÉU, A;SILVA, Célia Cris;1;1
382;QUATRO ESTAÇŐES E OUTROS HAICAIS, AS;SIMIZO, Massau;1;1
383;TENHO UM ABRAÇO PARA TE DAR;PROTETI, Joăo;1;1
384;MENINO DE SUA MĂE, O;PESSOA, Fernando;1;1
385;LUZ DA LUA;LISBOA, Henriqueta;1;1
386;POESIA MATEMÁTICA;FERNANDES, Millôr;1;1
387;COMPARSAS DO RIO;MENDONÇA, Bernardo de;1;1
388;ALICE NO PAÍS DA POESIA;JOSÉ, Elias;1;1
389;MERCADOR DE VENEZA, O;SHAKESPEARE, William;1;1
390;VERSO A CADA PASSO: a poesia na estrada real, UM;SOUZA, Angela Leide de;1;1
391;FANTASMA DA ÓPERA, O;LEROUX, Gaston;1;1
392;CHUVA DE LETRAS;BRANDĂO, Luis Alberto;1;1
393;ROBINSON CRUSOÉ;DEFOE, Daniel;1;1
394;VIAGENS DE GULLIVER;SWIFT, Jonathan;1;1
395;ODISSEIA;HOMERO e LIMA, Edy (adap.);1;1
396;HISTÓRIAS DE TIA NASTÁCIA;LOBATO, Monteiro;1;1
397;ANABELA PROCURA E ACHA MAIS DO QUE PROCURA;SAVARY, Flávia;1;1
398;REDE PARA IEMANJÁ, UMA;CALLADO, Antonio;1;1
399;ASSASSINATO NA LITERATURA INFANTIL: uma aventura da turma do gordo;MARINHO, Joăo Carlos;1;1
400;PLUTO OU UM DEUS CHAMADO DINHEIRO;ARISTÓFANES e FLORA, Anna (adap.);1;1
401;SANTO E A PORCA, O;SUASSUNA, Ariano;1;1
402;TÍTERES DE PORRETE E OUTRAS PEÇAS, OS;GARCÍA LORCA, Federico;1;1
403;BANHO DA TERRA, O;AZZI, Nilza;7;7
404;ESCOLA PARA TODOS;MAZZARO, José Luiz;1;1
405;PRINCESA ARABELA, MIMADA QUE SÓ ELA!;FREEMAN, Mylo;1;1
406;BRANCA DE NEVE E ROSA VERMELHA E OUTRAS HISTÓRIAS;CARRASCO, Walcyr (adap.);1;1
407;PATINHO FEIO E OUTRAS HISTÓRIAS;CARRASCO, Walcyr (adap.);1;1
408;ESCOLA PARA TODOS;MAZZARO, José Luiz;1;1
409;FAZENDA ESPERA FELIZ;MAZZARO, José Luiz;1;1
410;ÁRVORE DE NATAL MAIS BONITA DO MUNDO;MOREIRA, José Ricardo;1;1
411;PARECE, MAS NĂO É!;MAZZARO, José Luiz;1;1
412;MARIA DO PRATO;SILVA, Célia Cris;1;1
413;OLHOS DE TONINHO, OS;SILVEIRA, Célia Cris;1;1
414;MENINO DO DEDO VERDE, O;DRUON, Maurice;1;1
415;AVENTURAS DE PINÓQUIO, AS;COLLODI, Carlo;1;1
416;LIMERIQUES DAS CAUSAS E EFEITOS;BELINKY, Tatiana e SANDOVAL, Andrés;1;1
417;MALUQUINHO POR ARTE: histórias em que a  turma pinta e borda;ZIRALDO;1;1
418;VIAGEM AO CÉU;LOBATO, Monteiro;1;1
419;PICAPAU AMARELO, O;LOBATO, Monteiro;1;1
420;MENINO QUE VENDIA PALAVRAS, O;BRANDĂO, Ignácio de Loyola;1;1
421;ENEIDA: AS AVENTURAS DE ENEIAS;VIRGÍLIO e STEFANI, Stefania (adap.0;1;1
422;VIAGEM AO CENTRO DA TERRA;VERNE, Júlio;1;1
423;VINTE MIL LÉGUAS SUBMARINAS;VERNE, Júlio;1;1
424;MISERÁVEIS, OS;HUGO, Victor;1;1
425;PETER PAN;BARRIE, J. M.;1;1
426;VIAGENS DE GULLIVER;SWIFT, Jonathan;1;1
427;CORDA BAMBA;BOJUNGA, Lygia;1;1
428;CASA DA MADRINHA, A;BOJUNGA, Lygia;1;1
429;MELHORES POEMAS;CORALINA, Cora;1;1
430;QUINZE, O;QUEIROZ, Rachel de;1;1
432;ATLAS GEOGRÁFICO ESCOLAR: Ensino Fundamental 6o. Ao 9o. Ano;IBGE;3;3
433;AMIGOS SECRETOS;MACHADO, Ana Maria;1;1
434;TRANSPLANTE DE MENINA;BELINKY, Tatiana;1;1
435;DO OUTRO LADO TEM SEGREDOS;MACHADO, Ana Maria;1;1
436;RAPTO DO GAROTO DE OURO, O;REY, Marcos;1;1
437;FITA VERDE NO CABELO: Nova velha história;GUIMARĂES ROSA, Joăo;1;1
438;HISTÓRIAS DE ALEXANDRE;RAMOS, Graciliano;1;1
439;HISTÓRIAS DA VELHA TOTÔNIA;REGO, José Lins;1;1
440;REENCONTRO, O;UHLMAN, Fred;1;1
441;VOZ DO OUTRO MUNDO, UMA;PATRIOTA, Margarida;1;1
442;PAI QUE VOA;GOULART, Mário;1;1
443;ARTE E CIĘNCIA DE ROUBAR GALINHAS;RIBEIRO, Joăo Ubaldo;1;1
444;VISCONDE PARTIDO AO MEIO, O;CALVINO, Italo;1;1
445;ALMA DO URSO, A;BERNARDO, Gustavo;1;1
446;AUTOBIOGRAFIA DE UM SUPER-HERÓI;SOUZA, Alexandre Barbosa de;1;1
447;ROMANCE DA ONÇA DRAGONA;MENDONÇA, Bernardo de;1;1
448;DÁLMATA DESCONTROLADO, UM;ÍNDIGO;1;1
449;50 FÁBULAS DA CHINA FABULOSA;CAPPARELLI, Sérgio e SCHMALTZ, Márcia;1;1
450;MARLEY E EU;GROGAN, John;1;1
451;CONFISSŐES DE UM VIRA-LATA;LESSA, Orígenes;1;1
453;ALFRED BINET;ZAZZO, René;2;2
454;ANDRÉS BELLO;WEINBERG, Gregorio;2;2
455;ANTON MAKARENKO;FILONOV, G. N.;2;2
456;ANTONIO GRAMSCI;MONASTA, Attilio;2;2
457;CÉLESTIN FREINET;LEGRAND, Louis;2;2
458;DOMINGO SARMENTO;BRAVO, Héctor Félix;2;2
459;ÉMILE DURKHEIM;FILLOUX, Jean-Claude;2;2
460;FREDERIC SKINNER;SMITH, Louis M.;2;2
461;FRIEDRICH HEGEL;PLEINES, Jürgen-Eckardt;2;2
462;GEORG KERSCHENSTEINER;RÖHRS, Hermann;2;2
463;IVAN ILLICH;GAJARDO, Marcela;2;2
464;JAN AMOS COMĘNIOS;PIAGET, Jean;2;2
465;JEAN-JACQUES ROUSEAU;SOËTARD, Michel;2;2
466;JEAN-OVIDE DECROLY;DUBREUCQ, Francine;2;2
467;JOSÉ MARTÍ;NASSIF, Ricardo;2;2
468;JOHANN HERBART;HILGENHEGER, Norbert;2;2
469;JOSÉ PEDRO VARELA;DEMARCHI, Marta e RODRIGUEZ, Hugo;2;2
470;ORTEGA Y GASSET;SÁNCHEZ, Juan Escámez;2;2
471;ROGER COUSINET;RAILLON, Louis;2;2
472;SIGMUND FREUD;JOLIBERT, Bernard;2;2
473;BOGDAN SUCHODOLSKI;WOJNAR, Irena;2;2
474;CARL ROGERS;ZIMRING, Fred;2;2
475;ÉDOUARD CLAPARČDE;HAMELINE, Daniel;2;2
476;FRIEDRICH FRÖEBEL;HEILAND, Helmut;2;2
477;HENRI WALLON;GRATIOT-ALFANDÉRY, Hélčne;2;2
478;JEAN PIAGET;MUNARI, Alberto;2;2
479;JOHN DEWEY;WESTBROOK, Robert B. e TEIXEIRA, Anísio;2;2
480;JOHANN PESTALOZZI;SOËTARD, Michel;2;2
481;LEV SEMIONOVICH VYGOTSKY;IVIC, Ivan;2;2
482;MARIA MONTESSORI;RÖHRS, Hermann;2;2
483;MANIFESTO DOS PIONEIROS DA EDUCAÇĂO NOVA (1932) E DOS EDUCADORES (1959);AZEVEDO, Fernando et al.;2;2
484;ALCEU AMOROSO LIMA;CURY, Carlos Roberto Jamil;2;2
485;ALMEIDA JÚNIOR;GANDINI, Raquel;2;2
486;ANÍSIO TEIXEIRA;NUNES, Clarice;2;2
487;APARECIDA JOLY GOUVEIA;LÜDKE, Menga;2;2
488;ARMANDA ÁLVARO ALBERTO;MIGNOT, Ana Chrystina Venancio;2;2
489;AZEREDO COUTINHO;ALVES, Gilberto Luiz;2;2
490;BERTHA LUTZ;LÔBO, Yolanda;2;2
491;CECÍLIA MEIRELES;LÔBO, Yolanda;2;2
492;CELSO SUCKOW DA FONSECA;CIAVATTA, Maria e SILVEIRA, Zuleide Simas da;2;2
493;DARCY RIBEIRO;GOMES, Candido Alberto;2;2
494;DURMEVAL TRIGUEIRO;FÁVERO, Maria de Lourdes de Albuquerque e FÁVERO, Osmar;2;2
495;EDGARD ROQUETTE-PINTO;RANGEL, Jorde Antonio (Fidel);2;2
496;FERNANDO DE AZEVEDO;PENNA, Maria Luiza;2;2
497;FLORESTAN FERNANDES;OLIVEIRA, Marco Marques de;2;2
498;FROTA PESSOA;VIEIRA, Sofia Lerche;2;2
499;GILBERTO FREYRE;LIMA, Mário Hélio Gomes de;2;2
500;GUSTAVO CAPANEMA;HORTA, José Silvério Baia;2;2
501;HEITOR VILLA-LOBOS;SANTOS, Marco Antonio Carvalho;2;2
502;HELENA ANTIPOFF;CAMPOS, Regina Helena de Siqueira;2;2
503;HUMBERTO MAURO;RANGEL, Jorde Antonio (Fidel);2;2
504;JOSÉ MARIO PIRES AZANHA;CARVALHO, José Sérgio da Fonseca;2;2
505;JULIO DE MESQUITA FILHO;PONTES, José Alfredo Vidigal;2;2
506;LOURENÇO FILHO;MONARCHA, Carlos;2;2
507;MANOEL BOMFIM;GONTIJO, Rebeca;2;2
508;MANUEL DA NÓBREGA;HANSEN, Joăo Adolfo;2;2
509;NÍSIA FLORESTA;DUARTE, Constância Lima;2;2
510;PASCHOAL LEMME;BRANDĂO, Zaia;2;2
511;PAULO FREIRE;BEISIEGEL, Celso Rui;2;2
512;RUI BARBOSA;MACHADO, Maria Cristina Gomes;2;2
513;SAMPAIO DÓRIA;CARVALHO, Marta Maria Chagas de;2;2
514;VALNIR CHAGAS;PINTO, Aloylson Gregório de Toledo;2;2
515;REPÚBLICA DAS SAÚVAS, A;NISKIER, Arnaldo;1;1
516;ABC QUER BRINCAR COM VOCĘ;SANTOS, José e ALCY;1;1
517;COBRAS EM COMPOTA;ÍNDIGO;4;4
518;CONVERSA COM EDUCADORES;CADEMARTORI, Ligia;4;4
519;MADALENA;DANTAS, Cristiane;4;4
520;TUBARĂO COM A FACA NAS COSTAS;DIAS, Cezar;4;4
521;CARAVELA (Redescobrimentos);BICALHO, Gabriel;4;4
522;ENTRE AS JUNTURAS E OS OSSOS;OLIVEIRA, Vera Lúcia de;4;4
523;LÉO, O PARDO;TEIXEIRA, Rinaldo Santos;4;4
524;FAMÍLIA COMPOSTA;PELLEGRINI, Domingos;4;4
525;BATATA COZIDA, MINGAU DE CARÁ;BOCHECO, Eloí Elisabete;4;4
526;ABRAĂO E AS FRUTAS;MENDONÇA, Luciana V. P. de;4;4
527;CABELOS MOLHADOS;PIMENTEL, Luís;4;4
528;ABC QUER BRINCAR COM VOCĘ;SANTOS, José e ALCY;1;1
529;FLAUTA MÁGICA, A;JACOB, Dionísio;4;4
530;LIÇŐES DA ÁRVORE;LOPES, Lia Salomăo e MARCONDES, Débora Pontalti;1;1
531;CONFLITOS SOCIOAMBIENTAIS DO PARQUE NATURAL MUNICIPAL FAZENDA DO CARMO;MARTINS, Anita C. e LOBĂO, Pedro d Sá Petit;1;1
532;DITO E FEITO;ARMSTRONG, Jennifer e ROOT, KIMBERLY BULCKEN;1;1
535;NO PÉ DA LETRA;SILVEIRA, Maria Luiza Faraone;1;1
536;DICIONÁRIO MACHADO DE ASSIS: ONTEM, HOJE E SEMPRE;CORONEL, Luiz;1;1
537;DICIONÁRIO INGLĘS / PORTUGUĘS;MARQUES, Amadeu;40;40
538;NAS RUAS DO BRÁS;VARELLA, Drauzio;1;1
539;1984;ORWELL, Geoge;1;1
540;UMA CRIANÇA NO INFERNO QUANDO A VIOLĘNCIA ESTA ONDE NĂO DEVERIA;PELZER, Dave;1;1
541;VÁRIAS HISTÓRIAS;MACHADO DE ASSIS, Joaquim M.;1;1
542;CONTOS ESCOLHIDOS;AZEVEDO, Artur de;1;1
543;CONTOS FANTÁSTICOS: A Horla e outras histórias;MAUPASSANT, Guy de;1;1
544;HISTÓRIAS EXTRAORDINÁRIAS;POE, Edgar Allan;1;1
545;LÍNGUA DE EULÁLIA, A: novela sociolinguística;BAGNO, Marcos;1;1
546;SOLDADO BRASILEIRO NO HAITI, UM;RUPPENTHAL, Tailon;1;1
547;ERA UMA VEZ... Uma fábula sem fim;SANTOS, Ronald José Pereira dos;1;1
548;CICLO DA AUTO-SABOTAGEM, O;ROSNER, Stanley e HERMES, Patricia;1;1
549;FLORES E O CÓDIGO 45, AS;SCHIAVONE, Odair;1;1
550;OLHANDO PARA O OUTRO LADO;BRAZ, Julio Emílio;1;1
551;AMARELINHO;JOSÉ, Ganymédes;1;1
552;COM A PONTA DOS DEDOS E OS OLHOS NO CORAÇĂO;IANNONE, Leila Rentroia;1;1
553;MENINA BONITA DO LAÇO DE FITA;MACHADO, Ana Maria;1;1
554;FELICIDADE NĂO TEM COR;BRAZ,  Julio Emílio;1;1
555;FADA DO DIA, A;ARRUDA, Luzia Helena Mathias;1;1
556;FÁBULAS DE LA FONTAINE;FONTAINE, La;1;1
557;GOOSEBUMPS: Como matar um monstro;R. L .Stine;1;1
558;GOOSEBUMPS: Sorria e morra...outra vez!;R. L .Stine;1;1
559;NUMA NOITE MUITO ESCURA;PRESCOTT, Simon;1;1
560;PEDRO;QUEIRÓS, Bartolomeu Campos de;1;1
561;MĂO QUE CONTA HISTÓRIA;LEITE, Márcia;1;1
562;ELEFANTES NUNCA ESQUECEM!;RAVISHANKAR, Anushka;1;1
563;LIVRO DAS MÁKINAS MALUKAS;GUEDES,Lluiz Roberto;1;1
564;CHAPEUZINHOS COLORIDOS;TORERO, José Roberto e PIMENTA, Marcus Aurélio;1;1
565;MENINO QUE ESPIAVA PRA DENTRO, O;MACHADO, Ana Maria;1;1
566;INSÔNIA;SKÁRMETA, Antonio e RUANO, Alfonso;1;1
567;CONDOMÍNIO DOS MONSTROS;GOMES, Alexandre de Castro;1;1
568;TAMANHO DA GENTE, O;CISALPINO, Murilo;1;1
569;FÁBULAS;LOBATO, Monteiro;1;1
570;ALICE NO TELHADO;CRUZ, Nelson;1;1
571;ATÉ AS PRINCESAS SOLTAM PUM;BRENMAN, Ilan e ZILBERMAN, Ionit;2;2
572;MAURÍCIO: O LEĂO DE MENINO;FLÁVIA MARIA;1;1
573;MEMÓRIAS DA EMÍLIA;LOBATO, Monteiro;1;1
574;FLAUTISTA MISTERIOSO E OS RATOS DE HAMELIN;TAVARES, Bráulio;1;1
575;CLASSIFICADOS E NEM TANTO;COLASANTI, Marina;1;1
576;CASA DAS DEZ FURUNFUFELHAS, A;GOMES, Lenice;1;1
577;DEZENOVE POEMAS DESENGONÇADOS;AZEVEDO, Ricardo;1;1
578;CAVALINHO AZUL, O;MACHADO, Ana Maria;1;1
579;GRANDE FÁBRICA DE PALAVRAS, A;LESTRADE, Agnčs de e DOCAMPO, Valeria;1;1
580;PALAVRAS, PALAVRINHAS E PALAVRŐES;MACHADO, Ana Maria;1;1
581;COELHO QUE FUGIU DA HISTÓRIA, O;MANJATE, Rogério;1;1
582;ISTO É UM POEMA QUE CURA OS PEIXES;SIMÉON, Jean-Pierre e TALLEC, Olivier;1;1
583;MELHOR FAMÍLIA DO MUNDO, A;LÓPEZ, Susana;1;1
584;ALVO, O;BRENMAN, Ilan;1;1
585;PINTOR DE LEMBRANÇAS, O;CAŃIZO, José Antonio del;1;1
586;E O QUE VEM DEPOIS DE MIL?;BLEY, Anette;1;1
587;POESIA NA VARANDA;JUNQUEIRA, Sonia;1;1
588;HISTÓRIA DA RESSUREIÇĂO DO PAPAGAIO;GALEANO, Eduardo;1;1
589;PAPAI URSO;EUDAVE, Cecilia;1;1
590;CONTROLE REMOTO;FREITAS, Tino;1;1
591;FANTÁSTICO MISTÉRIO DE FEIURINHA, O;BANDEIRA, Pedro;1;1
592;WABI SABI;REIBSTEIN, Mark;1;1
593;HISTÓRIAS DE QUEM CONTA HISTÓRIAS;GOMES, Lenice e MARQUES, Fabiano;1;1
594;VIDA ÍNTIMA DE LAURA E OUTROS CONTOS;LISPECTOR, Clarice;1;1
595;COMO TREINAR O SEU DRAGĂO;COWELL, Cressida;1;1
596;ALICE NO PAÍS DAS MARAVILHAS;CARROLL, Lewis;1;1
597;PEQUENA SEREIA, A;ANDERSEN, Hans Christian e MOLHANT, Muriel (adap.);1;1
598;PEQUENA MARIONETE, A;VINCENT, GABRIELLE;1;1
599;VIZINHOS, OS;SITCHIN, Henrique;1;1
600;TURMA DA MÔNICA: ROMEU E JULIETA;SOUSA, Maurício;1;1
601;TURMA DO PERERĘ: 365 DIAS NA MATA DO FUNDĂO;ZIRALDO;1;1
602;MITOS: O FOLCLORE DO MESTRE ANDRÉ (livro + CD);XAVIER, Marcelo;1;1
603;ISSO ISSO;KUASNE, Selma Maria;1;1
604;É TUDO INVENÇĂO;SILVESTRIN, Ricardo;1;1
605;TRAÇO E A TRAÇA, O;MURRAY, Roseana;1;1
606;MALUCO DO CÉU, O;GOBEL, Anna;1;1
607;CARROSSEL, O;RILKE, Maria Rainer;1;1
608;ÁRVORE GENEROSA, A;SILVERSTEIN, Shel;1;1
609;ODE A UMA ESTRELA;NERUDA, Pablo;1;1
610;TREM DE ALAGOAS;FERREIRA, ASCENSO;1;1
611;LENDAS DA ÁFRICA  MODERNA;LIMA, Heloísa Pires;1;1
612;HITÓRIA DE BICHOS BRASILEIROS;VAL, Vera do;1;1
613;JOĂO CABEÇA DE FEIJĂO;UZAM, Dário;1;1
614;NOME DO FILME É AMAZONIA, O;ASSUNÇĂO, Paulinho;1;1
615;REINO ADORMECIDO, O;CUNHA, Leo;1;1
616;GIROS CONTOS DE ENCANTAR;BEHRNDT, Mila;1;1
617;PRINCIPES E PRINCESAS SAPOS E LAGARTOS;SOUZA, Flavio de;1;1
618;COMPOTEIRA, A;SISTO, Celso;1;1
619;LOBO, O;HETZEL, Graziela Bozano;1;1
620;ZOOLOGIA BIZARRA;GULLAR, Ferreira;1;1
621;LILA E O SEGREDO DA CHUVA;CONWAY, David;1;1
622;AVENTURAS DE UM RATINHO NA CIDADE GRANDE, AS;PRESCOTT, Simon;1;1
623;DISCURSO DO URSO;CORTÁZAR, Júlio;1;1
624;AURORA;BIAZETO, Cristina;1;1
625;JUNTA SEPARA E GUARDA;DIAS, Vera Lucia;1;1
626;BICHOS QUE TIVE, OS;ORTHOF, Sylvia;1;1
627;GABI, PERDI A HORA!;BASÍLIO, Joăo;1;1
628;QUEM TEM MEDO DE RIDÍCULO?;ROCHA, Ruth;1;1
629;TOCA DE GENTE, CASA DE GENTE;MARTINS, Mauro;1;1
630;CASACO DE PUPA, O;FERRANDIZ, Elena;1;1
631;GUARDA-CHUVA VERDE, O;DONG-JAE, Yun;1;1
632;MENINO QUE COMIA LAGARTOS, O;LÓPEZ, Mercę;1;1
633;MINHA CASA AZUL;SERRES, Alain;1;1
634;CONTOS DE FADAS;MACHADO, Ana Maria;1;1
635;OBAX;NEVES, André;1;1
636;CHAPEUZINHO VERMELHO UMA AVENTURA BORBULHANTE;ROBERTS, Lynn;1;1
637;UM SUJEITO SEM QUALIDADES;ALPHEN, Jean Claude R.;1;1
638;JUVENAL E O DRAGĂO;ROSINHA;1;1
639;ROMEU E JULIETA;ROCHA, Ruth;1;1
640;CAMINHO DE CASA, A;BUITRAGO, Jairo e YOCKTENG, Rafael;1;1
641;LUA DENTRO DO COCO, A;CAPPARELLI, Sérgio;1;1
642;JARDIM DE HAIJIN;RUIZ S, Alice;1;1
643;FAZEDOR DE TATUAGEM;AZEVEDO,Ricardo;1;1
644;JOĂO ESPERTO LEVA O PRESENTE CERTO;FLEMING, Candace e KARAS, G.Brian;1;1
645;DEZ CASAS E UM POSTE QUE PEDRO FEZ;BERNARDI Jr, Hermes;1;1
646;CARAMINHOLAS DE BARRIGAPÉ;BAGNO, Marcos;1;1
647;EXERCÍCIOS DE SER CRIANÇA;BARROS, Manoel de;1;1
648;QUANDO NASCE UM MONSTRO;TYLOR, Sean e SHARRATT, Nick;1;1
649;ARAPUCA;CABRAL, Daniel;1;1
650;FEMININA DE MENINA , MASCULINO DE MENINO;LEITE, Márcia;1;1
651;SUPERAMIGOS;REMPT, Fiona e SMIT,Noelle;1;1
652;COMO UM PEIXE NA ÁGUA;NESQUENS, Daniel;1;1
653;MENINO MAIS FEIO DO MUNDO, O;CHAMLIAN, Regina e ALEXANDRINO, Helena;1;1
654;TAMANHO DO MEU SONHO, O;WECHTEROWICZ, Przemyslaw;1;1
655;LOUCA POR BICHOS;PORTELA, Miriam;1;1
656;QUEM CANTA SEUS MALES ESPANTA 2      (livro + CD );ALMEIDA, Teodora Maria Mendes de;1;1
657;ARCA DE NOÉ, A;MORAES, Vinicius de;1;1
658;BRUXA, BRUXA VENHA A MINHA FESTA;DRUCE,M Arden;1;1
659;CONTOS DE PERRAULT;ALMEIDA, Fernanda Lopes de;1;1
660;CASA SONOLENTA, A;WOOD, Audrey;1;1
661;REI BIGODEIRA E SUA BANHEIRA, O;WOOD, Audrey;1;1
662;SETE CABRITINHOS, OS;BALLESTEROS, Xosé;1;1
663;BOI DA CARA PRETA;CAPARELLI, Sérgio;1;1
664;CABRITOS, CABRITŐES;GONZALEZ, Olalla;1;1
665;QUEM QUER BRINCAR DE PIQUE-ESCONDE?;CARPANEDA, Isabella e BRAGANÇA, Agiolina;1;1
666;SALADA, SALADINHA;NOBREGA,Maria Jopsé e PAMPLPONA, Rosane;1;1
667;O GRANDE RABANETE;BELINKY, Tatiana;1;1
668;FIZ VOAR O MEU CHAPÉU;MACHADO, Ana Maria;1;1
669;BICHO FOLHARAL, O;LAGO, Angela;1;1
670;FLAUTA DO TATU, A;LAGO, Angela;1;1
671;PĘSSEGO, PERA, AMEIXA NO POMAR;AHLBERG, Janete;1;1
672;UMA GIRAFA E TANTO;SILVERSTEIN, Shel;1;1
673;QUEM CANTA SEUS MALES ESPANTA         (livro + CD );ALMEIDA, Teodora Maria Mendes de;1;1
674;CANTA E DANÇA                                               (livro + CD );SANSON, Suzana e LIMA, Graça;1;1
675;VOLTA AO MUNDO EM 52 HISTÓRIAS;PHILIP, Neil;1;1
676;DIÁRIO DE UMA PAIXĂO;SPARKS, Nicholas;1;1
677;NOITES DE TORMENTA;SPARKS, Nicholas;1;1
678;AMOR PARA RECORDAR, UM;SPARKS, Nicholas;1;1
679;HOMEM DE SORTE, UM;SPARKS, Nicholas;1;1
680;ÚLTIMA MÚSICA, A;SPARKS, Nicholas;1;1
681;QUERIDO JOHN;SPARKS, Nicholas;1;1
682;ESTE AMOR VEIO PARA FICAR;GOMES, Álvaro Cardoso;1;1
683;MULHERES PÚBLICAS;PERROT, Michelle;5;5
684;HISTÓRIAS PARA CONTAR;CAPUTO, Natha e BRYANT, Sara Cone;1;1
685;ENTRANDO NO EIXO ENTRE EIXOS;PATRIOTA, Margarida;1;1
686;PIRATA MUITO SÓ, UM;CRISPUN, Denise;1;1
687;NO INÍCIO DOS TEMPOS;VIEGAS, Sueli;1;1
688;CÉU NOTURNO;DRISCOLL, Michael;1;1
689;FEBRE DO PLANETA, A;GARCIA, Edson  Gabriel;1;1
690;PLANETÁRIO, O;CARRARO, Fernando;1;1
691;ESCOLA MORADA DE INVENTOR E OUTROS CONTOS;JOSÉ, Elias;1;1
692;QUE BICHO É?;GOMES, Álvaro Cardoso;1;1
693;GARGALHADA DE ALEGRIA DE DONA ECOLOGIA, A;JONAS, Ribeiro;1;1
694;NĂO SE MATA NA MATA LEMBRANÇAS DE RONDON;MACHADO, Ana Maria;1;1
695;TAMANHO DO MEU SONHO, O;WECHTEROWICZ, Przemyslaw;2;2
696;NATURAIS CIĘNCIAS DE TATSU NAGATA, AS;TATSU, Nagata;2;2
697;E AÍ BICHO ?;LACOMBE, Luis Ernesto;2;2
698;QUEM SOU EU ?;BRANT, Luis Caldeira e GRANATO, Suzana Facchini;1;1
699;MENINA QUE BATIZOU PLUTĂO, A;MCCUTHEON, Marc;1;1
700;EU VI !;RIBEIRO, Jonas;1;1
701;JOĂO PRESTE ATENÇĂO !;SECCO, Patricia Engel;1;1
702;VIAGEM DOS ALIMENTOS, A;AMADO, Janaína e FIGUEIREDO, Luiz Carlos;1;1
703;HISTÓRIAS DE DINOSSAUROS;DARGENT, Nathalie;1;1
704;TRĘS PORQUINHOS DE POCELANA, OS;FREITAS, Tino;1;1
705;GRITO DO RIO TIETĘ, O;PIEDADE, Amir;1;1
706;ORIGEM DOS NÚMEROS, A;LEE, Ji Won;1;1
707;MARI E AS COISAS DA VIDA;MORTIER, Tine e VERMEIRE, Kaatje;1;1
708;BICHINHO SÓ PRA MIM, UM;BARROS, Sônia;2;2
709;GIRAFA TEM TORCICOLO ?;DOMENICHELLI, Guilherme;1;1
710;LIVRO DOS JOGOS E BRINCADEIRAS E BAGUNÇAS DO MENINO MALUQUINO;ZIRALDO;4;4
711;MENINO DA TERRA, O;ZIRALDO;1;1
712;TERRA SEM MALES;GALDINO, Luiz;1;1
713;NATAL DO AVARENTO, O;DICKENS, Chales;1;1
714;HISTÓRIA DOS ESCRAVOS, A;LUSTOSA, Isabel;1;1
715;COCADAS, AS;CORALINA, Cora;1;1
716;VOO DE ÍCARO, O;GUASCO, Luiz;1;1
717;COISAS QUE A GENTE PEGA E COISAS QUE A GENTE NĂO PEGA;MINKOVICIUS, Ivo;1;1
718;ANDARILHOS;XAVIER, Marcelo;1;1
719;VALKÍRIAS, AS;COELHO, Paulo;1;1
720;NA MARGEM DO RIO PIEDRA EU SENTEI E CHOREI;COELHO, Paulo;1;1
721;ONZE MINUTOS;COELHO, Paulo;1;1
722;ALQUIMISTA, O;COELHO, Paulo;1;1
723;DIÁRIO DE UM MAGO, O;COELHO, Paulo;1;1
724;VERONIKA DECIDE MORRER;COELHO, Paulo;1;1
725;MANUAL DO GUERREIRO DA LUZ, O;COELHO, Paulo;1;1
726;FOLCLORE E LENDAS  (livro + CD );DIAS FILHO, Antonio Jonas e HONORA, Márcia;1;1
727;PERSONALIDADES E PERSONAGENS  (livro + CD );DIAS FILHO, Antonio Jonas e HONORA, Márcia;1;1
728;ILHA DO TESOURO, A  (livro + CD );STEVENSON, Robert Louis;1;1
729;MINHAS FÁBULAS DE ESOPO;MORPURGO, Michael e CLARK, Emma Chichester;1;1
730;TELEFONE SEM FIO;BRENMAN, Ilan e MORICONI, Renato;1;1
731;GUIA DA ALAGAËSIA DE ERAGON, O (livro pop up);PAOLINI, Christopher;1;1
732;ARTES  (livro + CD );DIAS FILHO, Antonio Jonas e HONORA, Márcia;1;1
733;BEM BRASILEIRINHOS (Livro + CD + jogo da memória);LALAU e LAURABEATRIZ;1;1
734;RELIGIĂO AFRICANA NO BRASIL  (livro + CD );DIAS FILHO, Antonio Jonas e HONORA, Márcia;1;1
735;INFLUĘNCIA AFRICANA NO NOSSO IDIOMA, A  (livro + CD );DIAS FILHO, Antonio Jonas e HONORA, Márcia;1;1
736;LENDAS BRASILEIRAS (Livro + CD);SOUSA, Maurício;2;2
737;FESTA DA SALAMANDRA;MITTER, MATT e VIOLA, Karen;2;2
738;FESTAS POPULARES  (livro + CD );DIAS FILHO, Antonio Jonas e HONORA, Márcia;1;1
739;HISTÓRIA DOS AFRICANOS NO BRASIL, A  (livro + CD );DIAS FILHO, Antonio Jonas e HONORA, Márcia;1;1
740;JOGOS, BRINCADEIRAS E CANTIGAS (livro + CD );DIAS FILHO, Antonio Jonas e HONORA, Márcia;1;1
741;CULINÁRIA BRASILEIRA  (livro + CD );DIAS FILHO, Antonio Jonas e HONORA, Márcia;1;1
742;ATUALIDADES EM AFRICANIDADES  (livro + CD );DIAS FILHO, Antonio Jonas e HONORA, Márcia;1;1
743;MARINHEIRO RASGADO;AZEVEDO, Ricardo;1;1
744;CERTO LIVRO DE AREIA, UM;BITARĂES NETTO, Adriano;1;1
745;COLEÇĂO DE BRUXAS DO MEU PAI e MAMĂE TROUXE UM LOBO PARA CASA!;STRAUZ, Rosa Amanda;1;1
746;TRĘS FORMIGAS AMIGAS;XAVIER, Marcelo;1;1
747;VAQUINHA QUADRADA, A;ARIKAWA, Monalisa;1;1
748;MINHA PRINCESA AFRICANA;VASSALO, Marcio;1;1
749;OBAX;NEVES, André;1;1
750;ÁGUA;GARCEZ, Lucília e GARCEZ, Cristina;1;1
751;SALTIMBANCOS, OS;BUARQUE, Chico;1;1
752;CHICLETE GRUDADO EMBAIXO DA MESA;RIOS, Rosana;1;1
753;FELICIDADE DAS BORBOLETAS, A;SECCO, Patricia Engel;1;1
754;NOEL O MENINO DA VILA;BULCĂO,Clóvis e  BULCĂO, Márcia;1;1
755;CARTOLA;DINIZ, Edinha e BONITO, Angelo;1;1
756;MENINO QUE MORDEU PICASSO, O;PENROSE, Antony;1;1
757;CHAPÉU SEM PÉ NEM CABEÇA, UM;BARETO, TIAGO;1;1
758;COBRANÇA, A PRINCESA E A SURPRESA;LINCK, CELSO;1;1
759;VISITA DA CIGARRA, A;ZAGURY, Tania;1;1
760;SUJEITO SEM QUALIDADES, UM;ALPHEN, Jean Claude R.;1;1
761;TRĘS JACAREZINHOS, OS;KETTEMAN, Helen;1;1
762;VIAGEM DE VASCO DA GAMA, A;AMADO, Janaína e FIGUEIREDO, Luiz Carlos;1;1
763;PEQUENOS CONTOS PARA RIR;IVANOVITCH-LAIR, Albena;1;1
764;PSIQUĘ;LAGO, Angela;1;1
765;MODA UMA HISTÓRIA PARA CRIANÇAS;CANTON, Katia;1;1
766;GUERRA DOS BICHOS, A;ALBUQUERQUE, Luiiz Carlos;1;1
767;TEM UM MONSTRO NO MEU JARDIM;TOKITAKA, Janaína;1;1
768;MENINA DO CASTELINHO DE JOIAS, A;TAKEDA, André;1;1
769;HISTÓRIA DA REISSURREIÇĂO DO PAPAGAIO;GALEANO, Eduardo;1;1
770;HISTÓRIAS PARA ACORDAR;FRATE, Dilea;1;1
771;VIAGEM DE FILOMENA, A;GRANADO, Vera;1;1
772;BICHOS DO CERRADO;PUHLER, Eunice;1;1
773;DIÁRIO DE UM BANANA;KINNEY, Jeff;1;1
774;DIÁRIO DE UM BANANA: DIAS DE CĂO;KINNEY, Jeff;1;1
775;DIÁRIO DE UM BANANA: RODRICK É O CARA;KINNEY, Jeff;1;1
776;COMO FALAR DRAGONĘS;COWELL, Cressida;1;1
777;COMO QUEBRAR A MALDIÇĂO DE UM DRAGĂO;COWELL, Cressida;1;1
778;COMO MUDAR UMA HISTÓRIA DE DRAGĂO;COWELL, Cressida;1;1
779;GUIA DO HERÓI PARA VENCER DRAGŐES MORTAIS;COWELL, Cressida;2;2
780;DIÁRIO DE ANNE FRANK, O;FRANK, Anne;1;1
781;INVENÇĂO DE HUGO CABRET, A;SELZNICK, Brian;1;1
782;HARRY POTTER E O ENIGMA DO PRÍNCIPE;ROWLING, J. K.;1;1
783;1000 COISAS INÚTEIS QUE UM GAROTO DEVERIA SABER ANTES DE CRESCER;LITVIN, Aníbal e KOSTZER, Mario;1;1
784;CRÔNICAS DE SPIDERWICK A PEDRA DA VISĂO;DITERLIZZI, Tony;1;1
785;LADRĂO DE RAIOS, O;RIORDAN, Rick;1;1
786;VISITANTE NOTURNO, O;ITURBE, Antonio G. e OMIST, Alex;1;1
787;AJUDANTE QUE MUITO AJUDA, UM;ITURBE, Antonio G. e OMIST, Alex;1;1
788;MÚMIA DESAPARECIDA, A;ITURBE, Antonio G. e OMIST, Alex;1;1
789;DIA NAS CORRIDAS DE CAVALO, UM;ITURBE, Antonio G. e OMIST, Alex;1;1
790;MISTÉRIO DO SELO MILIONÁRIO, O;SIERRA I FABRA, Jordi;1;1
791;MISTÉRIO DO GOYA ROUBADO, O;SIERRA I FABRA, Jordi;1;1
792;MISTÉRIO DA ESTRELA, O;GAIMAN, NEIL;1;1
793;MELHORES CONTOS BRASILEIROS DE FICÇĂO CIENTÍFICA, OS;CAUSO, Roberto de Sousa;1;1
794;SEGREDO DA CASA AMARELA, O;NICOLELIS, Giselda Laporta;1;1
795;QUEM ROUBOU O MEU FUTURO?;ORTHOF, Sylvia;1;1
796;RAPAZ QUE NĂO ERA DE LIVERPOOL;RITER, Caio;1;1
797;DEZ MAIS: HISTÓRIAS DE FANTASMAS;COX, Michael;1;1
798;CELULAR: 13 HISTÓRIAS Ŕ MANEIRA ANTIGA;SCHULZE, Ingo;1;1
799;IOLANDA, A FILHA DO CORSÁRIO NEGRO;SALGARI, Emilio;1;1
800;GUIA DOS CURIOSOS - ESPORTES;DUARTE, Marcelo;1;1
801;GUIA DOS CURIOSOS - LÍNGUA PORTUGUESA;DUARTE, Marcelo;1;1
802;HOMEM QUE CALCULAVA, O;TAHAN, Malba (Souza, Júlio César de Melo e);1;1
803;MÁRIO DE ANDRADE: Seus contos preferidos;RUFFATO, Luiz;20;20
804;SERÁ O BENEDITO !;ANDRADE, Mário;4;4
805;FRANS KRAJCBERG: A OBRA QUE NĂO QUEREMOS VER (Com caderno-atelię);SANT´ANNA, Renata e PRATES, Valquíria;20;20
806;MELHORES CONTOS;MACHADO DE ASSIS, Joaquim M.;20;20
807;ESPINHO DE MARFIM E OUTRAS HISTÓRIAS, UM;COLASANTI, Marina;20;20
808;JOGO DA PARLENDA, O;PRIETO, Heloisa;20;20
809;CARTA ROUBADA, A;POE, Edgar Allan;20;20
810;TAYA E O ESPELHO DA BABA YAGA;SOMBRA, Fábio;20;20
811;CONTANDO CAUSOS;BOLDIN, Rolando;20;20
812;MIGALHAS DE JOSÉ DE ALENCAR;MATOS, Miguel;1;1
813;MIGALHAS DE EÇA DE QUEIRÓS;MATOS, Miguel;1;1
814;MIGALHAS DE RUI BARBOSA;MATOS, Miguel;1;1
815;MIGALHAS DE ALUÍSIO AZEVEDO;MATTOS,Maria Augusta Bastos de;1;1
816;NOVOS RUMOS DA CARTOGRAFIA ESCOLAR;ALMEIDA, Rosângela Doin de;1;1
817;ATUALIDADES DA EDUCAÇĂO BILÍNGUE PARA SURDOS: Processos e projetos pedagógicos;SKLIAR, Carlos;1;1
818;CATADORES DA CULTURA VISUAL :Proposta para uma nova narrativa educacional;HERNÁNDEZ, Fernando;1;1
819;ANDAR ENTRE LIVROS: A leitura literária na escola;COLOMER, Teresa;1;1
820;HISTÓRIA DA LEITURA, UMA;MANGUEL, Alberto;1;1
821;HISTÓRIAS E CAUSOS;VILLAS BÔAS, Orlando;1;1
822;ATUALIDADES DA EDUCAÇĂO BILÍNGUE PARA SURDOS: Interfaces entre pedagogia e linguítica;SKLIAR, Carlos;2;2
823;MIGALHAS DE EUCLIDES DA CUNHA;MATOS, Miguel;1;1
824;ENSINO DE GEOGRAFIA: PRÁTICAS E TEXTUALIZAÇŐES NO COTIDIANO;CASTROGIOVANNI, Antonio Carlos (org.);1;1
825;AVALIAR: RESPEITAR PRIMEIRO, EDUCAR DEPOIS;HOFFMANN, Jussara;1;1
826;ENSINO DE CIĘNCIAS;TRIVELATO, Sílvia Frateshi e FERREIRA SILVA, Rosana Louro;1;1
827;PARA LER O LIVRO ILUSTRADO;LINDEN, Sophie Van der;1;1
828;INTÉRPRETE DE LIBRAS EM ATUAÇĂO NA EDUCAÇĂO INFANTIL E NO ENSINO FUNDAMENTAL;LACERDA, Cristina B. F. de;1;1
829;DICIONÁRIO ILUSTRADO DE MEIO AMBIENTE;NARVAES, Patrícia;1;1
830;TEORIA E PRÁTICA EM CIĘNCIAS NA ESCOLA: O ENSINO-APRENDIZAGEM COMO INVESTIGAÇĂO;CAMPOS, Maria Cristina e NIGRO,;1;1
831;CIĘNCIAS: FÁCIL OU DIFÍCIL?;BIZZO, Nélio;2;2
832;TEORIA E PRÁTICA DO ENSINO DE GEOGRAFIA: MEMÓRIAS DA TERRA;FILIZOLA, Roberto e KOZEL, Salete;1;1
833;LETRAMENTO E MINORIAS;LODI, Ana Cláudia B. et al (org.);1;1
834;SURDEZ E BILINGUISMO;FERNANDES, Eulália;2;2
835;SURDOS E INCLUSĂO EDUCACIONAL;ALBRES, Neiva de Aquino;2;2
836;MÚSICA AFRICANA NA SALA DE AULA;SODRÉ, Lilian Abreu;1;1
837;TATUAGEM, PIERCING E OUTRAS MENSAGENS;ARAÚJO, Leusa;1;1
838;POETA QUE FINGIA, O;GOMES, Álvaro Cardoso;1;1
839;ARTE EM DETALHES;CUMMING, Robert;2;2
840;ENSINO DE FÍSICA;CARVALHO, Anna Maria Pessoa de;1;1
841;PELEJA, A;MACHADO, Ana Maria;1;1
842;ESCOLA, DIAS LÍNGUAS: LETRAMENTO EM LÍNGUA PORTUGUESA E LÍNGUA DE SINAIS NAS ETAPAS INICIAIS DE ESCOLARIZAÇĂO, UM;LODI, Ana Cláudia B. et al (org.);1;1
843;DANÇANDO NA ESCOLA;MARQUES, Isabel A.;1;1
844;CIBERCULTURA;LÉVY, Pierre;1;1
845;PAIS E EDUCADORES: QUEM TEM TEMPO DE EDUCAR?;PAROLIN, Isabel;2;2
846;SILECIOSA ALGAZARRA: Reflexőes sobre livros e práticas de leitura;MACHADO, Ana Maria;1;1
847;DICIONÁRIO DE GĘNEROS TEXTUAIS;COSTA, Sérgio Roberto;1;1
848;ARTE DE LER: ou como resistir ŕ adversidade, A;PETIT, Michčle;1;1
849;MACHADO DE ASSIS POR DENTRO;KUJAWSKI, Gilberto de Mello;1;1
851;ALCOOLISMO, O;LARANJEIRA, Ronaldo e PINSKY, Ilana;1;1
852;CIDADE E AS SERRAS, A;QUEIROS, Eça de;1;1
853;MELHORES CRÔNICAS: Cecília Meireles;MEIRELES, Cecília;1;1
854;ILUSŐES PERDIDAS;BALSAC, Honoré;1;1
855;RAINHA MARGOT, A;ALEXANDRE, Dumas;1;1
856;50 CRÔNICAS ESCOLHIDAS;BRAGA, Rubem;1;1
857;MENINOS DA RUA PAULO, OS;MOLNÁR, Ferenc;2;2
858;GERRA E PAZ;TOLSTÓI, Liev;1;1
859;GERMINAL;ZOLA, Émile;1;1
860;ÁRVORE DOS DESEJOS, A;FAULKNER, William;1;1
861;SOCIEDADE LITERÁRIA EA TORTA DE CASCA  DE BATATA;SHAFFER, Mary Ann;1;1
862;RUBEM ALVES DO UNIVERSO Ŕ JABUTICABA;ALVES, Rubem;1;1
863;MENINA QUE NĂO SABIA LER, A;HARDING, John;1;1
864;MENINA QUE ROUBAVA LIVROS, A;ZUZAK, Markus;1;1
865;FÚRIA DOS REIS, A AS CRÔNICAS DE GELO E FOGO LIVRO DOIS;MARTIN, George R. R;1;1
866;INFÂMIA;MACHADO, Ana Maria;2;2
867;LEITE DERRAMADO;BUARQUE, Chico;1;1
868;MEMORIAL DO CONVENTO;SARAMAGO, José;1;1
869;OLHAI OS LÍRIOS DO CAMPO;VERISSÍMO, Erico;1;1
870;CRÔNICAS INÉDITAS 1;BANDEIRA, Manuel;1;1
871;CRÔNICAS INÉDITAS 2;BANDEIRA, Manuel;1;1
872;V. WOOF CONTOS COMPLETOS;WOOF, Virginia;1;1
873;BOLERO DE RAVEL;BRAFF, Menalton;1;1
874;CASA DOS ESPIRITOS, A;ALLENDE, Isabel;1;1
875;EXISTEM CROCODILOS NO MAR;GEDA, Fabio;1;1
876;CLARICE NA CABECEIRA;LISPECTOR, Clarice;1;1
877;JANELA DE ESQUINA DO MEU PRIMO, A;HOFFMANN, E.T.A.;1;1
878;PADRE SÉRGIO;TOLSTÓI, Liev;1;1
879;NENHUM E CEM MIL, UM;LUIGI, Pirandello;1;1
880;GAROTO NO CONVÉS, O;BOYNE, John;1;1
881;ADOLESCENTE, O;DOSTOIÉVSKI, Fiódor;1;1
882;CLARICE, UMA BIOGRAFIA:Benjamin Moser;MOSER, Benjamin;1;1
884;PALAVRA DE FILHO;RIBEIRO, Jonas;1;1
885;QUE TIROU O SONO DOS ANIMAIS ? , O;RINCK, Maranke;1;1
886;PARA QUE SERVE UM LIVRO;LEGEAY, Chloé;1;1
887;LENDAS E MITOS DOS ÍNDIOS BRASILEIROS;SILVA, Walde - Mar de Andrade e;1;1
888;SÉTIMA NOITE DE VERĂO, A;TOKITAKA, Janaína;1;1
889;CONTOS DA TIA LENITA;ALVIM, Maria Helena;1;1
890;AVENTURAS DE PINÓQUIO, AS;COLLODI, Carlo;1;1
891;AVENTURAS DA DONA FRIZ EGITO ANTIGO;COLE, Joanna;1;1
892;OBAX;NEVES, André;1;1
893;MULHER GIGANTE DA CASA 88, A;KOCKERE, Geert De;2;2
894;AVENTURAS DO MENINO KAWĂ;YAGUAKĂG, Elias;1;1
895;VICENTE O POMBO CORREIO QUE VIROU TURISTA;MARIA, Luzia De;1;1
896;JOĂO DE BARRO, O;MATOS, Neide Simăo de;1;1
897;EU VI !;RIBEIRO, Jonas;1;1
898;FOLCLORE MITOS E LENDAS DO FOLCLORE BRASILEIRO;IOMONACO, Marco Aurélio;1;1
899;EXPEDIÇĂO DOS ARGONAUTAS, A;GALDINO, Luiz;1;1
900;ORUKOMI ( meu nome);RIBEIRO, Esmeraldas;1;1
901;LENDAS NEGRAS;BRAZ, Júlio Emílio;1;1
902;CONTOS DE MORTE MORRIDA;SSÓ, Ernani;1;1
903;SENHOR DAS HISTÓRIAS, O;SRBREK, Wellington;1;1
904;FILHOS DA MATA;MERCADANTE, Hilton;1;1
905;HISTÓRIAS DE QUEM CONTA HISTÓRIAS;GOMES, Lenice e MORAES, Fabiano;1;1
906;INVENÇĂO DO MUNDO PELO DEUS- CURUMIM;TAVARES, Bráulio;1;1
907;HISTÓRIAS DA PRETA;LIMA, Heloísa Pires;1;1
908;CONTOS DE GIGANTES;SSÓ, Ernani;1;1
909;CIDADES EM TEMPOS MODERNOS;SALVADOR, Maria Angela Borges;20;20
910;PRIMEIROS HABITANTES DO BRASIL, OS;GUARINELLO, Norberto Luiz;1;1
911;MENINO BRINCA DE BONECA ?;RIBEIRO, Marcos;1;1
912;QUARUP;CALLADO, Antonio;1;1
913;VIDAS SECAS;RAMOS, Graciliano;1;1
914;CIRANDA DE PEDRA;TELLES, Lygia Fagundes;1;1
915;VISĂO DO PARAÍSO;HOLANDA, Sérgio Buarque de;1;1
916;FIRIRIM FINFIM;LISBOA, Elizete;5;5
917;VOLTA AO MUNDO EM 80 HISTÓRIAS;RIOS, Rosana;1;1
918;GARFIELD 2582 TIRAS;DAVIS, Jim;1;1
919;SOFIA E OUTROS CONTOS;VILELA, Luiz;1;1
920;TROCA-TROCA;LEITE, Alice Ribeiro;1;1
921;TRĘS FÁBULAS DO ORIENTE;PACHECO, Bruno;1;1
922;ESTÓRIAS DA MITOLOGIA Os Deuses ,Menos o Pai;FILHO, Domício Proença;1;1
923;CONTOS AFRICANOS;MHLOPHE, Gcina;1;1
924;DIA DE CHUVA, UM;QUEIROS, Eça de;1;1
925;REI DO MAR,   O;SALGARI, Emilio;1;1
926;MENINO TRANSPARENTE, O;SECCO, Patricia Engel;1;1
927;MEMÓRIAS DE UM CORSÁRIO;PRIETO, Heloisa;1;1
928;CARTAS DE UM CAÇADOR;QUIROGA, Horácio;1;1
929;REI DO GRANDE RIO, O;BANDEIRA, Pedro;1;1
930;OMO-OBA  HISTÓRIAS DE PRINCESAS;OLIVEIRA, Kiusam de;1;1
931;MENINOS QUE SE TORNARAM ESTRELAS, OS;DONATO, Hernâni;1;1
932;NASCIMENTO DE ZEUS, O;DUARTE, Adriane;1;1
933;HOMEM GRAVIDADE ZERO;SLEZYNGER, Leo;2;2
934;FANTÁTICA VIAGEM DO PEQUENO CIDADĂO, A;ALVES, Januário;1;1
955;O pequeno principe;Antoine de Saint-Exupéry;2;2
1000;Memoria Postumas de Bras Cubas;Machado de Assis;2;2
